date,event_type,name,status,details
2026-07-04,setup,school-server-remote-ssh,completed,"VS Code Remote-SSH connected to UNNC-CVIP-03; 2x RTX A5000 visible."
2026-07-04,setup,orena-focus-env,completed,"Conda env orena-focus created; Python 3.10.20; PyTorch 2.7.1+cu118; CUDA available."
2026-07-04,data,heico-download,completed,"HeiCo videos downloaded to /home/Jiali_Wang/data/focus/heico/videos; observed size about 150G."
2026-07-04,data,heico-overlay-generation,completed_with_issue,"30 overlay files generated, but later duration checks found 4 truncated Sigma overlays."
2026-07-09,training,qwen3vl-4b-smoke-512-filtered,completed,"LoRA-SFT medium run completed; 512 train, 99 valid val after filtering 29 invalid val clip rows; eval_loss=0.35957938603553546."
2026-07-04,experiment,official-smoke-3,completed,"Raw-video 3-sample smoke test; pipeline worked but score not meaningful."
2026-07-04,experiment,official-smoke-100,completed,"Raw-video 100-sample baseline; overall MEAN 0.200000; pre-evaluation SCORE 0.186795."
2026-07-05,experiment,official-overlay-100,completed,"Overlay 100-sample baseline; overall MEAN 0.210000; pre-evaluation SCORE 0.200886."
2026-07-06,experiment,official-raw-full-4000,completed,"Raw-video full 4000 baseline; overall MEAN 0.194250; pre-evaluation SCORE 0.364083."
2026-07-07,debug,overlay-integrity-check,completed,"Full overlay inference crashed near 372/4000 due to truncated overlays; bad videos: 0020, 0021, 0027, 0028 Sigma videos."
2026-07-07,data,overlay-regeneration,completed,"Bad overlay videos regenerated before restarting official-overlay-full-4000."
2026-07-07,experiment,official-overlay-full-4000,completed,"Full 4000 QA inference with use_overlay=True completed; overall MEAN 0.207500; pre-evaluation SCORE 0.372647."
2026-07-07,analysis,raw-vs-overlay-full,completed,"Overlay improved overall MEAN by 0.013250 and pre-evaluation SCORE by 0.008564; temporal_grounding improved from 0.007741 to 0.033822 but remained weak."
2026-07-07,planning,lora-sft-method-stage,created,"Created LoRA-SFT training plan; emphasized data-split verification, leakage prevention, and Qwen3-VL-4B parameter-efficient supervised adaptation."
2026-07-09,implementation,segment-train-audit-script,created,"Added scripts/audit_and_split_segment_train.py to summarize official train/test distributions and create a deterministic 90/10 internal train/val split from official TRAIN only."
2026-07-09,data,segment-trainval-split,completed,"Ran audit_and_split_segment_train.py on remote; official train 8000, official test 4000, internal train 7198, internal val 802, seed 20260707."
2026-07-09,implementation,lora-sft-smoke-script,created,"Added scripts/train_qwen3vl_lora_sft_smoke.py for tiny Qwen3-VL LoRA-SFT plumbing tests on overlay train/val JSONL manifests."
2026-07-09,training,lora-sft-smoke-32,completed,"Qwen3-VL LoRA-SFT smoke test completed: 32 train samples, 8 val samples, 8 optimizer steps, eval_loss 1.0017873756587505; adapter saved to qwen3vl-4b-smoke-32/adapter-final."
2026-07-10,training,qwen3vl-4b-sft-valid5959-e1,completed,"Full clip-valid Qwen3-VL LoRA-SFT completed: 5959 train, 663 val, 1490 optimizer steps, eval_loss 0.42800752680308324; adapter saved to qwen3vl-4b-sft-valid5959-e1/adapter-final."
2026-07-10,experiment,qwen3vl-4b-sft-valid5959-e1-overlay-test-100,completed,"Held-out TEST-100 overlay evaluation with full LoRA adapter completed; overall MEAN 0.350000, pre-evaluation SCORE 0.328905, improving over official-overlay-100 overall 0.210000."
2026-07-10,experiment,qwen3vl-4b-sft-valid5959-e1-overlay-test-full,completed,"Full held-out TEST-4000 overlay evaluation with full LoRA adapter completed; overall MEAN 0.279000, pre-evaluation SCORE 0.402794, improving over official-overlay-full-4000 overall 0.207500."
2026-07-14,experiment,open-vlm-smoke-test3-default,completed,"Five downloaded open VLM candidates ran on 3 TEST fo_class samples using common multi-frame input and default prompting; all models ran after adapter/dependency fixes. MiniCPM scored 0.333333; other models scored 0.000000."
2026-07-14,experiment,open-vlm-smoke-test3-class-prompt,completed,"Repeated 3-sample open VLM smoke with class-constrained prompt and answer normalization. LLaVA-OneVision and MedGemma scored 0.333333; MiniCPM dropped to 0.000000; Gemma and InternVL stayed 0.000000. Result motivates larger prompt ablation before TEST-100."
2026-07-14,experiment,open-vlm-test30-default,completed,"Five open VLM candidates ran on 30 TEST samples with default prompt. Overall: MedGemma 0.200000, MiniCPM 0.166667, LLaVA 0.166667, InternVL 0.100000, Gemma 0.066667."
2026-07-14,experiment,open-vlm-test30-class-prompt,completed,"Five open VLM candidates ran on the same 30 TEST samples with class-constrained prompt and answer normalization. Overall: LLaVA 0.366667, MedGemma 0.366667, MiniCPM 0.233333, InternVL 0.166667, Gemma 0.100000. Class prompt improves overall for every model on this subset."
2026-07-15,experiment,open-vlm-test100-class-prompt-selected,completed,"Selected open VLM candidates ran on 100 TEST samples with class-constrained prompt and answer normalization. Overall: MedGemma 0.270000, LLaVA 0.260000, MiniCPM 0.150000, InternVL 0.150000. MedGemma and LLaVA outperform official-overlay-100 overall 0.210000 but remain below Qwen3-VL LoRA TEST-100 overall 0.350000."
2026-07-15,experiment,open-vlm-test100-frame-ablation,completed,"LLaVA-OneVision and MedGemma ran TEST-100 with 8-frame input under the same class-constrained prompt. LLaVA overall changed 0.260000->0.240000; MedGemma overall changed 0.270000->0.290000 and temporal_grounding improved 0.021739->0.130435."
2026-07-15,experiment,open-vlm-medgemma-8frames-full-4000,completed,"MedGemma-4B prompt-only full TEST-4000 baseline completed with 8 frames, class-constrained prompt, and answer normalization. Overall MEAN 0.188250, pre-evaluation SCORE 0.281741, processed 4000, failures 0. It underperforms Qwen overlay full overall 0.207500 but provides the selected MedGemma pre-training baseline."
2026-07-16,experiment,open-vlm-llava-onevision-4frames-full-4000,completed,"LLaVA-OneVision prompt-only full TEST-4000 baseline completed with 4 frames, class-constrained prompt, and answer normalization. Overall MEAN 0.155500, pre-evaluation SCORE 0.249757, processed 4000, failures 0. It underperforms MedGemma overall 0.188250 but is stronger on fo_class 0.230758 and object_identification 0.279323."
2026-08-07,setup,docker-engine-install,completed,"User self-installed Docker Engine 28.1.1 (official docker-ce) + containerd 1.7.27 + buildx + compose on UNNC-CVIP-03 after receiving sudo. Jiali_Wang added to docker group. VS Code Remote-SSH terminal does not refresh group; use `newgrp docker` or a real ssh login shell."
2026-08-07,setup,nvidia-container-toolkit-install,completed,"Installed NVIDIA Container Toolkit 1.19.1; configured nvidia runtime in /etc/docker/daemon.json. Also merged registry-mirrors (docker.m.daocloud.io / docker.1panel.live / hub.rat.dev) because Docker Hub large pulls get connection reset. `docker run --rm --gpus all nvidia/cuda:12.4.1-base-ubuntu22.04 nvidia-smi` shows 2x RTX A5000, driver 470.256.02."
2026-08-07,submission,do-test-run-pass,completed,"Official `./do_test_run.sh` passed: image built in 818s, 3 test samples ran with 0 failures, answer.json written. PyTorch fell back to CPU (driver 470 / CUDA 11.4 too old for CUDA 12.4 base image); CPU inference ~100s/sample. Official eval machine has newer driver and will run GPU."
2026-08-07,submission,do-save-tarball,completed,"Official `./do_save.sh` produced submission tarball segment-algorithm_2026-08-07T15-57-33.08855081+08-00.tar.gz. Full submission line closed: Docker env -> do_test_run pass -> do_save tarball ready to submit. Server disk at 98% full (~40G free) is a follow-up risk."
2026-08-10,submission,official-preeval-qwen-lora-flexpaths,completed,"Official SEGMENT pre-evaluation succeeded with active image 16860a54-5d41-40c9-a925-34d5ec0aecb9. Headline pre_evaluation_score 0.32331911598560603, leaderboard position 27, 2000 hidden questions in 100 batches, questions_forfeited 0, questions_unanswered 0, mean_batch_duration_s 63.47976909."
2026-08-12,storage,focus-data-migration-to-mnt-data,completed,"FOCUS data migrated from /home/Jiali_Wang/data/focus on root disk to /mnt/data/jiali_wang/focus. /home/Jiali_Wang/data/focus is now a symlink. Verified 237G and 93 files on destination; HeiCo SEGMENT TEST loaded 4000 samples after migration. Removed migration backup; root disk free space increased from about 25G to 261G."
2026-08-12,data-access,lapchole-gated-access-check,blocked,"Access check with scripts/check_focus_dataset_access.py: HeiCo SEGMENT train/test ok with 8000/4000 samples; LapChole SEGMENT train/test still blocked by Hugging Face gated dataset access. Do not download LapChole until access is approved."
2026-08-29,smoke,qwen35-l20x4-smoke128-attempt1,failed,"Four-rank NCCL startup, Qwen3.5 model loading, LoRA injection, and optimizer setup succeeded with 13,959,168 trainable parameters (0.3066%). Failed before step 1 because Transformers fell back to removed torchvision.io.read_video while reopening temporary MP4 clips. Trainer changed to pass Decord-sampled RGB arrays in memory and to route enable_thinking=False through template_kwargs; smoke rerun pending."
